bill_id,official_title,short_title,policy_area,subjects,category_g4,bill_type_g4,reason_g4,category_4o,bill_type_4o,reason_4o,category_sonnet,bill_type_sonnet,reason_sonnet
s393-108,"A bill to amend the Internal Revenue Code of 1986 to allow employers a credit against income tax with respect to employees who participate in the military reserve components and to allow a comparable credit for participating reserve component self-employed individuals, and for other purposes.",,Taxation,Armed forces reserves|Income tax|Military pay|Self-employed|Tax credits|Wages,1.0,tax_credit_introduction,"Introduces a tax credit for private employers who maintain employees participating in military reserve components, which incentivizes the retention of workers during protected military leave.",,,"The bill provides a tax credit for employers with employees in the military reserve, which does not directly relate to private employer wage or benefit obligations.",,,"This bill offers a general tax credit to employers for retaining reserve component employees and to self-employed reservists, which incentivizes hiring/retention decisions rather than addressing private employer wage, hour, or benefit obligations."
s1193-115,"A bill to amend the Internal Revenue Code of 1986 to provide a credit for employer-provided job training, and for other purposes.",Better Education and Skills Training for America's Workforce Act,Taxation,Business investment and capital|Employment and training programs|Higher education|Income tax credits|Student aid and college costs,1.0,tax_credit_introduction,"The bill introduces tax credits for private employers who provide job training to trainees, which is explicitly listed as a qualifying credit tied to employer-provided job training.",1,tax_credit_introduction,"Introduces a new tax credit for employer-provided job training programs, incentivizing private employers to invest in workforce development.",1,tax_credit_introduction,"Introduces new tax credits for employer-provided job training expenses and investments in job training partnerships, incentivizing private employers to offer training programs that relate to employee skill development and workforce benefits."
s1204-107,A bill to amend title XVIII of the Social Security Act to provide adequate coverage for immunosuppressive drugs furnished to beneficiaries under the medicare program that have received an organ transplant.,Comprehensive Immunosuppressive Drug Coverage for Transplant Patients Act of 2001,Health,"Coinsurance|Employee health benefits|Health insurance|Hospital care|Immunosuppressive drugs|Insurance premiums|Kidney diseases|Medicare|Transplantation of organs, tissues, etc.",1.0,enforcement,"The bill amends ERISA and the Internal Revenue Code to mandate that private group health plans provide coverage for immunosuppressive drugs, thereby expanding employer benefit obligations.",,,"The bill addresses Medicare coverage for immunosuppressive drugs and group health plan requirements, not private employer wage or benefit obligations.",,,"Bill primarily adjusts Medicare coverage and group health plan requirements for immunosuppressive drugs, addressing government insurance program rules and health plan design rather than private employer wage, hour, or benefit obligations."
s273-113,A bill to modify the definition of fiduciary under the Employee Retirement Income Security Act of 1974 to exclude appraisers of employee stock ownership plans.,,Labor and Employment,Accounting and auditing|Employee benefits and pensions|Securities,1.0,enforcement,"The bill modifies the definition of a fiduciary under ERISA, which directly affects the legal standards and enforcement of private employer retirement benefit obligations.",1,enforcement,"Modifies ERISA by excluding ESOP appraisers from fiduciary status, affecting private employer obligations related to employee benefit plan management.",1,enforcement,"Modifies ERISA fiduciary definitions to exclude ESOP appraisers, directly weakening private employer obligations under employee benefit plan regulations."
s545-108,A bill to amend title I of the Employee Retirement Income Security Act of 1974 to improve access and choice for entrepreneurs with small businesses with respect to medical care for their employees.,Small Business Health Fairness Act of 2003,Health,Administrative fees|Administrative procedure|Bankruptcy|Collective bargaining|Congressional reporting requirements|Delegation of powers|Department of Labor|Discrimination in insurance|Discrimination in medical care|Employee health benefits|Federal advisory bodies|Federal preemption|Federal-state relations|Fines (Penalties)|Flexible benefit plans|Franchises (Retail trade)|Government paperwork|Government trust funds|Health care fraud|Health insurance|Injunctions|Insurance|Insurance agents|Insurance premiums|Labor contracts|Labor unions|Licenses|Medical economics|Medically uninsured|Professional associations|Small business|Standards|State laws|State taxation|Surety and fidelity|Tax rates|Trade associations|Trusts and trustees|Valuation,1.0,enforcement,"The bill amends ERISA to establish rules, solvency requirements, and enforcement mechanisms for association health plans, directly regulating private employer benefit obligations.",,,"The bill primarily addresses health insurance access and choice for small businesses under ERISA, not private employer wage or benefit obligations related to misconduct.",1,enforcement,"Amends ERISA to establish new regulatory requirements for association health plans, directly affecting private employers' obligations regarding employee health benefit plan management, solvency, and fiduciary duties."
hr5207-111,"To amend the Internal Revenue Code of 1986 to improve the operation of employee stock ownership plans, and for other purposes.",Employee Stock Ownership Plan Promotion and Improvement Act of 2010,Taxation,"Employee benefits and pensions|Financial services and investments|Government lending and loan guarantees|Income tax deductions|Income tax exclusion|Income tax rates|Interest, dividends, interest rates|Securities|Small business",1.0,enforcement,"The bill modifies the operation and rules of Employee Stock Ownership Plans (ESOPs), which are retirement benefit plans governed by ERISA and the Internal Revenue Code, thereby affecting private employer benefit obligations.",,,"The bill primarily addresses tax treatment and incentives related to employee stock ownership plans (ESOPs), not private employer wage, hour, or benefit obligations.",1,tax_credit_introduction,"The bill introduces multiple new tax benefits (exemptions from penalty taxes, AMT adjustments, gain deferral, and modified ownership rules) that incentivize private employers to establish or maintain employee stock ownership plans, which are employer-provided retirement benefit arrangements covered under ERISA."
hr2831-109,To amend title I of the Employee Retirement Income Security Act of 1974 and the Internal Revenue Code of 1986 to make improvements in benefit accrual standards.,Pension Preservation and Portability Act of 2005,Labor and Employment,"Age discrimination|Civil service retirement|Cost of living adjustments|Defined benefit pension plans|Early retirement|Indexing (Economic policy)|Interest rates|Old age, survivors and disability insurance|Railroad retirement plans",1.0,enforcement,"The bill amends ERISA to strengthen benefit accrual standards and prevent age discrimination in defined benefit pension plans, directly regulating private employer retirement benefit obligations.",1,enforcement,"The bill amends ERISA to enforce nondiscrimination in defined benefit pension plans, directly affecting private employer obligations regarding employee retirement benefits.",1,enforcement,"The bill strengthens ERISA requirements by prohibiting age-based reductions in pension accruals and addressing discriminatory practices in defined benefit plans, directly regulating private employer pension obligations."
hr4931-107,To provide that the pension and individual retirement arrangement provisions of the Economic Growth and Tax Relief Reconciliation Act of 2001 shall be permanent.,Retirement Savings Security Act of 2002,Labor and Employment,Accidents|Accounting|Aliens|Annuities|Business income tax|Churches|Civil Service pensions|Defined benefit pension plans|Defined contribution plans|Disasters|Dividends|Divorce|Divorcees|Employee ownership|Excise tax|Executive compensation|Executives|Financial planning|Fringe benefits|Government paperwork|Government publicity|Household workers|Income tax|Individual retirement accounts|Life expectancy|Loans|Local employees|Merchant seamen|Pension funds|Pension portability|Personal income tax|Profit sharing|Religion|Small business|State employees|Stockholders|Sunset legislation|Tax administration|Tax credits|Tax deductions|Tax exclusion|Tax penalties|Tax-deferred compensation plans|Tax-exempt organizations|Trusts and trustees|User charges|Valuation|Women|Women's retirement,1.0,enforcement,"By making permanent the pension and individual retirement provisions of the Economic Growth and Tax Relief Reconciliation Act of 2001, the bill establishes permanent regulatory and tax frameworks governing private employer retirement benefit obligations under ERISA and the tax code.",,,"The bill makes certain pension and retirement provisions permanent, but does not directly regulate or enforce private employer wage, hour, or benefit obligations.",,,"This bill makes permanent certain tax provisions related to retirement savings accounts and pension plans but does not regulate private employer wage, hour, or benefit obligations or introduce employer-specific tax credits tied to such conduct; it primarily addresses tax treatment of retirement savings vehicles rather than employer misconduct under ERISA or similar statutes."
hr2378-108,"To reform the safety practices of the railroad industry, to prevent railroad fatalities, injuries, and hazardous materials releases, and for other purposes.",Railroad Safety Reform Act of 2003,Transportation and Public Works,Administrative fees|Administrative procedure|Administrative remedies|Alcoholism|Auditing|Automation|Business records|Civil actions and liability|Conferences|Conflict of interests|Congressional reporting requirements|Contractors|Criminal justice information|Data banks|Delegation of powers|Department of Transportation|Disciplining of employees|Discrimination in employment|Dismissal of employees|Driver licenses|Drug abuse|Drug abuse treatment|Drunk driving|Electronic data interchange|Emergency communication systems|Employee health benefits|Employee rights|Employee training|Employment tests|Evidence (Law)|Federal advisory bodies|Federal aid to transportation|Federal employees|Federal preemption|Federal-local relations|Federal-state relations|Fines (Penalties)|Fuel storage|Government ethics|Government lending|Government paperwork|Governmental investigations|Grievance procedures|Health surveys|Highspeed ground transportation|Hours of labor|Indexing (Economic policy)|Industrial relations|Labor unions|Leave of absence|Legislation|Licenses|Maintenance and repair|Medical screening|Medical tests|Motor vehicle safety|Noise|Obstruction of justice|Occupational health and safety|Personnel records|Physical examinations|Prosecution|Punitive damages|Radio|Railroad commuting traffic|Railroad employees,1.0,enforcement,"The bill revises hours of duty limitations and prohibits railroad carriers from discriminating or retaliating against employees for reporting safety conditions, directly regulating private employer hour and labor conduct.",,,"The bill focuses on railroad safety practices and employee protection within the railroad industry, but does not address private employer wage, hour, or benefit obligations as defined by the Violation Tracker category.",1,enforcement,"The bill directly regulates private railroad carrier obligations regarding employee hours of duty, sleeping quarters, fatigue management plans, and prohibits retaliation against employees for reporting safety violations, thereby tightening employer wage-hour and workplace protection requirements under federal law."
s2284-106,A bill to amend the Fair Labor Standards Act of 1938 to provide for an increase in the Federal minimum wage.,Minimum Wage Increase Act of 2000,Labor and Employment,Minimum wages|Northern Mariana Islands|Territories (U.S.),1.0,enforcement,"The bill increases the Federal minimum wage under the Fair Labor Standards Act, directly increasing the stringency of wage obligations for non-governmental employers.",1,enforcement,"Increases the Federal minimum wage under the FLSA, directly affecting private employer wage obligations.",1,enforcement,"The bill directly increases the federal minimum wage under the Fair Labor Standards Act, strengthening private employer wage obligations and enforcement standards."
s2766-111,A bill to provide for the coverage of medically necessary food under Federal health programs and private health insurance.,Medical Foods Equity Act of 2009,Health,Child health|Digestive and metabolic diseases|Food assistance and relief|Health care costs and insurance|Health care coverage and access|Medicare|Nutrition and diet|Poverty and welfare assistance,1.0,enforcement,"The bill amends ERISA and the Public Health Service Act to mandate that private group and individual health insurance plans provide coverage for medically necessary foods, thereby expanding the benefit obligations of private employers and insurers.",,,"The bill addresses health insurance coverage for medically necessary food and related treatments, not private employer wage or benefit obligations.",,,"This bill mandates health insurance coverage for medically necessary foods and supplements under Medicare, Medicaid, CHIP, TRICARE, and private plans; it does not address private employer wage, hour, or benefit obligations such as FLSA, WARN Act, ERISA pension duties, or FMLA protections."
hr5165-114,"To amend the Family and Medical Leave Act of 1993 to provide a partial exemption to veterans from the eligibility requirements, and for other purposes.",Medical Leave for Disabled Veterans Act,Labor and Employment,"Disability and paralysis|Employee leave|Hospital care|Veterans' education, employment, rehabilitation|Veterans' medical care",1.0,enforcement,"The bill amends the Family and Medical Leave Act (FMLA) to expand eligibility for medical leave for disabled veterans, thereby increasing the legal obligations of private employers regarding protected leave.",,,"The bill modifies FMLA eligibility specifically for veterans, focusing on their medical care and service-connected disabilities, without addressing private employer wage or benefit obligations.",,,"This bill modifies FMLA eligibility requirements for disabled veterans but does not address employer violations of wage, hour, or benefit obligations; it adjusts leave entitlements rather than regulating employer misconduct related to retaliation or benefit plan mismanagement."
s1617-108,A bill to amend the employee Retirement Income Security Act of 1974 and the Internal Revenue Code of 1986 to provide comprehensive pension protection for women.,Women's Pension Protection Act of 2003,Labor and Employment,Administrative procedure|Annuities|Collective bargaining|Defined contribution plans|Divorce|Income tax|Interest|Married people|Railroad retirement plans|Separation (Law)|Survivors' benefits|Tax-deferred compensation plans|Widowers|Widows|Women|Women's retirement,1.0,enforcement,"The bill amends ERISA to expand requirements for spousal consent and survivor annuities in defined contribution plans, thereby strengthening the benefit obligations of private employers.",1,enforcement,"The bill amends ERISA to enhance pension protections, directly affecting private employer obligations regarding retirement benefit management.",1,enforcement,"Strengthens ERISA pension plan protections by expanding spousal consent requirements for distributions, mandating joint and survivor annuity options, and establishing rules for division of pension benefits upon divorce—directly regulating private employer retirement benefit obligations."
hr2292-111,"To amend the Employee Retirement Income Security Act of 1974, the Public Health Service Act, and the Internal Revenue Code of 1986 to require coverage of preventive care for children.",Healthy Kids for Healthy Futures Act of 2009,Health,Child health|Employee benefits and pensions|Health care costs and insurance|Health care coverage and access|Health promotion and preventive care|Income tax deductions,1.0,enforcement,"The bill amends ERISA to mandate that group health plans provide specific preventive care coverage for children without cost-sharing, thereby expanding the benefit obligations of non-governmental employers.",,,"The bill mandates preventive care coverage for children under group health plans, which relates to health insurance coverage rather than private employer wage or benefit obligations.",,,"This bill mandates health insurance coverage requirements for preventive care for children, which relates to health insurance policy rather than private employer wage, hour, or benefit plan mismanagement violations covered by ERISA fiduciary duty enforcement."
hr2083-114,"To amend title XVIII of the Social Security Act to provide for patient protection by establishing safe nurse staffing levels at certain Medicare providers, and for other purposes.",Registered Nurse Safe Staffing Act of 2015,Health,Employment discrimination and employee rights|Health care quality|Health information and medical records|Health personnel|Hospital care|Medicare|Nursing,1.0,enforcement,"The bill establishes whistleblower protections against retaliation for employees of private Medicare-participating hospitals, which aligns with the category's focus on protecting employees from retaliation for reporting workplace violations.",,,"The bill focuses on nurse staffing levels at Medicare providers, which involves healthcare quality and patient safety, not private employer wage or benefit obligations.",,,"This bill regulates nurse staffing ratios at Medicare-participating hospitals and includes whistleblower protections, but it addresses healthcare quality and patient safety standards rather than private employer wage, hour, or benefit obligations covered by FLSA, ERISA, FMLA, or WARN Act."
hr4349-109,To require Medicare providers to disclose publicly staffing and performance in order to promote improved consumer information and choice.,Patient Safety Act of 2005,Health,Accreditation (Medical care)|Ambulatory care|Case mix (Medical care)|Clinics|Congressional reporting requirements|Consumer complaints|Consumer education|Disciplining of employees|Discrimination in employment|Dismissal of employees|Drug utilization|Electronic government information|Fines (Penalties)|Government paperwork|Government publicity|Hospital care|Hospital personnel|Hours of labor|Internet|Kidney diseases|Licenses|Medicaid|Medical records|Medical statistics|Medicare|Mortality|Nurses|Occupational health and safety|Paramedical personnel|Psychiatric hospitals|Quality of care|Rural health|Surgery|Ulcers|Urology|Web sites|Whistle blowing,1.0,enforcement,"The bill prohibits adverse employment actions (retaliation) by Medicare providers against employees who report dangerous conditions, which aligns with protected whistleblower disclosures under private-sector employment standards.",,,"The bill focuses on Medicare provider requirements and public disclosure of staffing and performance data, not on private employer wage or benefit obligations.",,,"This bill mandates public disclosure of staffing and performance data by Medicare providers and protects whistleblowers, but it regulates healthcare provider transparency and patient safety rather than addressing private employer wage, hour, or benefit obligations such as unpaid wages, overtime violations, or pension mismanagement."
s1623-113,A bill to amend the Fair Labor Standards Act of 1938 to provide compensatory time for employees in the private sector.,Working Families Flexibility Act of 2013,Labor and Employment,Administrative remedies|Civil actions and liability|Congressional oversight|Department of Labor|Employee leave|Employment discrimination and employee rights|Government studies and investigations|Labor standards|Labor-management relations|Wages and earnings,1.0,enforcement,"The bill amends the Fair Labor Standards Act (FLSA) to regulate how private employers provide overtime compensation via compensatory time, including establishing liability for violations.",1,enforcement,"Amends the FLSA to regulate private employer practices regarding compensatory time off, directly affecting wage and hour obligations.",1,enforcement,"Amends the FLSA to regulate how private employers may provide compensatory time in lieu of overtime pay, directly affecting employer wage and hour obligations under federal labor standards."
hr1691-107,To amend the Service Contract Act of 1965 to provide for the responsibility in certain cases of a parent corporation of a Federal contractor to provide health care benefits to retired employees of the contractor if the contractor fails to provide such benefits.,Service Contract Health Security Act,Government Operations and Politics,Collective bargaining agreements|Government contractors|Government service contracts|Retiree health benefits|Subsidiary corporations,1.0,enforcement,The bill strengthens the enforcement of retiree health benefit obligations by making parent corporations liable when a federal contractor fails to provide required health care benefits to retired employees.,,,"The bill addresses health care benefits for retired employees of government contractors, focusing on obligations of parent corporations, not private employer wage or benefit obligations under general labor laws.",1,enforcement,"The bill strengthens employer obligations under the Service Contract Act by making parent corporations liable for retiree health benefits when contractors fail to provide them, directly regulating private employer benefit obligations."
hr6409-112,To streamline the administration of whistleblower protections for private sector employees.,Private Sector Whistleblower Protection Streamlining Act of 2012,Labor and Employment,"Administrative remedies|Alternative dispute resolution, mediation, arbitration|Civil actions and liability|Congressional oversight|Department of Labor|Employment discrimination and employee rights|Evidence and witnesses|Executive agency funding and structure|Government studies and investigations|Judicial review and appeals|Right of privacy|Worker safety and health",1.0,enforcement,"The bill strengthens whistleblower protections and streamlines legal remedies for private sector employees who face retaliation for reporting violations of federal law, which aligns with the category's focus on retaliation against employees for protected disclosures.",1,enforcement,"The bill strengthens whistleblower protections for private sector employees, addressing employer retaliation for reporting violations, which relates to enforcement of employee rights under whistleblower statutes.",1,enforcement,"The bill strengthens protections against employer retaliation for whistleblowing activities, including reporting wage violations and unsafe working conditions, which directly relates to private employer obligations under FLSA, OSHA, and other labor statutes covered in the wage and hour category."
hr1499-108,To require health insurance coverage for certain reconstructive surgery.,Reconstructive Surgery Act of 2003,Health,Employee health benefits|Health insurance|Plastic surgery,1.0,enforcement,"The bill expands the mandatory coverage requirements for group health plans and insurance issuers, thereby increasing the benefit obligations of non-governmental employers.",,,"The bill mandates health insurance coverage for reconstructive surgery, which pertains to health insurance policy requirements rather than private employer wage or benefit obligations.",,,"This bill mandates health insurance coverage requirements for reconstructive surgery but does not address private employer wage, hour, or benefit plan mismanagement obligations under FLSA, WARN, ERISA, or FMLA."
hr6097-112,To exempt employers from any excise tax and certain suits and penalties in the case of a failure of a group health plan to provide coverage to which an employer objects on the basis of religious belief or moral conviction.,Religious Freedom Tax Repeal Act of 2012,Health,Civil actions and liability|Comprehensive health care|Employee benefits and pensions|First Amendment rights|Health care costs and insurance|Health care coverage and access|Health promotion and preventive care|Religion|Sales and excise taxes|Women's health,1.0,enforcement,"The bill amends ERISA and the Internal Revenue Code to exempt private employers from penalties and enforcement actions for failing to provide certain health benefits, directly affecting the stringency of employer benefit obligations.",,,"The bill exempts employers from penalties related to health plan coverage based on religious beliefs, which does not directly address private employer wage, hour, or benefit obligations as defined.",1,enforcement,"The bill weakens enforcement of employer obligations under ERISA and related health benefit laws by exempting employers from penalties for failing to provide required health coverage based on religious or moral objections, directly affecting private employer benefit obligations."
hr4219-115,To amend the Employee Retirement Income Security Act of 1974 to include a voluntary option for qualified flexible workplace arrangements.,Workflex in the 21st Century Act,Labor and Employment,Employee benefits and pensions|Employee leave|Employment discrimination and employee rights|Federal preemption|Labor-management relations|State and local government operations|Temporary and part-time employment,1.0,enforcement,The bill amends ERISA to regulate private employer benefit obligations by establishing requirements for paid leave and flexible work arrangements in exchange for state and local law exemptions.,1,enforcement,"The bill amends ERISA to establish a voluntary workflex option, affecting private employer obligations related to employee benefits and paid leave.",1,enforcement,"Amends ERISA to establish requirements for employer-provided paid leave and flexible work arrangements, directly regulating private employer benefit obligations and preempting state/local laws on these matters."
hr1656-115,To amend the Internal Revenue Code of 1986 to provide incentives for employers to establish student loan repayment programs and to make contributions to qualified tuition programs on behalf of children of employees.,HELP for Students and Parents Act,Taxation,"Bank accounts, deposits, capital|Employee benefits and pensions|Higher education|Income tax credits|Income tax exclusion|Student aid and college costs",1.0,tax_credit_introduction,Introduces a business tax credit and expands tax exclusions to incentivize private employers to provide student loan repayments and 529 contributions as employee benefits.,,,"The bill provides tax incentives for employer contributions to student loan repayments and tuition programs, which do not directly relate to private employer wage, hour, or benefit obligations.",,,"This bill introduces tax credits and exclusions for employer-provided student loan repayment assistance and 529 contributions, which are general employee benefits unrelated to wage, hour, overtime, pension plan mismanagement, or leave retaliation obligations."
s20-109,"A bill to expand access to preventive health care services that help reduce unintended pregnancy, reduce the number of abortions, and improve access to women's health care.",Prevention First Act,Health,AIDS (Disease)|Access to health care|Ambulatory care|Child development|Child health|Church and social problems|Civics education|Coinsurance|Community health services|Condoms|Congressional reporting requirements|Consumer discounts|Consumer education|Contraceptives|Discrimination in insurance|Discrimination in medical care|Drugs|Elementary and secondary education|Emergency medicine|Employee health benefits|Evaluation research (Social action programs)|Family planning and birth control|Federal aid to health facilities|Generic drugs|Government publicity|Grants-in-aid|Health education|Health insurance|Hospital care|Hospitals|Human immunodeficiency viruses|Immigrant health|Insurance companies|Language and languages|Marriage|Medicaid|Medical fees|Medically uninsured|Nonprofit organizations|Prescription pricing|Preventive medicine|Public service advertising|Rebates|Religion|School health programs|School-age child care|Service learning|Sex|Sex education|Sexual abstinence|Teenage pregnancy|Victims of crimes|Welfare eligibility|Women|Youth services,1.0,enforcement,"The bill amends ERISA to prohibit group health plans from excluding or restricting prescription contraceptive benefits, thereby expanding the benefit obligations of non-governmental employers.",,,"The bill primarily addresses access to preventive health care services and contraceptive coverage, which does not involve private employer wage or benefit obligations.",1,enforcement,"The bill amends ERISA to prohibit group health plans from excluding or restricting benefits for prescription contraceptive drugs and devices if they cover other prescription drugs, directly regulating private employer-sponsored health benefit obligations."
hr30-114,To amend the Internal Revenue Code of 1986 to repeal the 30-hour threshold for classification as a full-time employee for purposes of the employer mandate in the Patient Protection and Affordable Care Act and replace it with 40 hours.,Save American Workers Act of 2015,Taxation,Employee benefits and pensions|Health care costs and insurance|Health care coverage and access|Sales and excise taxes,1.0,enforcement,"The bill modifies the legal definition of a 'full-time employee' to change the threshold for the employer mandate to provide health care coverage, thereby altering the regulatory obligations of private employers regarding employee benefits.",,,"The bill modifies the definition of full-time employee for healthcare coverage mandates under the ACA, which does not directly relate to private employer wage, hour, or benefit obligations as defined by the Violation Tracker category.",,,"This bill modifies the ACA employer mandate's definition of full-time employee for health coverage purposes, which is a tax penalty provision under the ACA rather than a regulation of core wage, hour, or benefit obligations like FLSA overtime, ERISA pension duties, or FMLA leave protections."
s157-114,A bill to repeal the medical device tax and the employer and individual responsibility requirements of the Patient Protection and Affordable Care Act.,No Obamacare Mandate Act,Health,"Business records|Comprehensive health care|Employee benefits and pensions|Government information and archives|Health care costs and insurance|Health care coverage and access|Health technology, devices, supplies|Sales and excise taxes|Wages and earnings",1.0,enforcement,"The bill repeals the penalty on large employers who fail to offer health care coverage to eligible employees, thereby reducing the enforcement of private employer benefit obligations.",,,"The bill primarily addresses the repeal of health-related mandates and taxes under the Affordable Care Act, not private employer wage or benefit obligations.",,,"This bill repeals ACA provisions including the employer mandate penalty, but the employer mandate is a healthcare coverage requirement under the ACA, not a wage, hour, overtime, pension mismanagement, WARN Act, or FMLA retaliation issue covered by the Wage Hour & Benefits category."
s1396-108,"A bill to require equitable coverage of prescription contraceptive drugs and devices , and contraceptive services under health plans.",Equity in Prescription Insurance and Contraceptive Coverage Act of 2003,Health,Ambulatory care|Coinsurance|Contraceptives|Discrimination in insurance|Discrimination in medical care|Employee health benefits|Health insurance|Physicians|Rebates|Standards,1.0,enforcement,"The bill amends ERISA to prohibit group health plans from restricting or excluding contraceptive benefits, thereby expanding the benefit obligations of non-governmental employers.",,,"The bill addresses health insurance coverage for contraceptives, not private employer wage, hour, or benefit obligations.",1,enforcement,"The bill mandates that private employer-sponsored group health plans provide equitable coverage for contraceptive drugs and services, directly regulating employer-provided health benefit obligations under ERISA."
s857-113,"A bill to amend the Family and Medical Leave Act of 1993 to permit leave to care for a same-sex spouse, domestic partner, parent-in-law, adult child, sibling, grandchild, or grandparent who has a serious health condition.",Family and Medical Leave Inclusion Act,Labor and Employment,"Employee leave|Government employee pay, benefits, personnel management|Home and outpatient care|Marriage and family status|Sex, gender, sexual orientation discrimination",1.0,enforcement,"The bill expands the scope of protected family members under the Family and Medical Leave Act (FMLA), thereby increasing the legal obligations of private employers regarding employee leave.",1,enforcement,"Expands FMLA leave eligibility to include care for additional family members, directly affecting private employer obligations under the FMLA.",1,enforcement,"Expands FMLA leave protections to cover additional family relationships including same-sex spouses and domestic partners, directly strengthening private employer obligations under federal leave law."
hr7003-110,"To amend title 38, United States Code, to prohibit discrimination and acts of reprisal against persons who receive treatment for illnesses, injuries, and disabilities incurred in or aggravated by service in the uniformed services.",Wounded Veteran Job Security Act,Armed Forces and National Security,"Disability and health-based discrimination|Employee leave|Employment discrimination and employee rights|Health care costs and insurance|Veterans' education, employment, rehabilitation|Veterans' medical care",1.0,enforcement,"The bill prohibits employment discrimination and acts of reprisal against wounded veterans, which relates to the enforcement of employee rights and protections against retaliation by non-governmental employers.",,,"The bill addresses employment discrimination against veterans, which does not involve private employer wage or benefit obligations.",,,"This bill prohibits employment discrimination against veterans based on service-connected injuries or disabilities, which is an anti-discrimination measure rather than a regulation of private employer wage, hour, or benefit obligations covered by FLSA, WARN, ERISA, or FMLA."
hr2341-112,"To amend the Fair Labor Standards Act with regard to certain exemptions under that Act for direct care workers and to improve the systems for the collection and reporting of data relating to the direct care workforce, and for other purposes.",Direct Care Job Quality Improvement Act of 2011,Labor and Employment,"Allied health services|Census and government statistics|Employment and training programs|Government information and archives|Health personnel|Home and outpatient care|Labor standards|Long-term, rehabilitative, and terminal care|Medicaid|Wages and earnings",1.0,enforcement,"The bill amends the Fair Labor Standards Act (FLSA) to modify exemptions from minimum wage and maximum hour requirements for direct care workers, directly affecting private employer wage and hour obligations.",1,enforcement,"Amends the Fair Labor Standards Act to address exemptions affecting direct care workers, directly impacting private employer wage obligations.",1,enforcement,"The bill amends the Fair Labor Standards Act to modify exemptions from minimum wage and maximum hour requirements for direct care workers providing companionship services, directly affecting private employer wage and hour obligations under FLSA."
